{"theta0": 8499.546218619584, "theta1": -0.02144843491557518, "mileage_mean": 101066.25, "mileage_std": 51565.1899106445, "price_mean": 6331.833333333333, "price_std": 1291.8688873961714}